code,title,points_r1_2021,points_r1_2021_info,points_r1_2020,points_r1_2020_info,points_r1_2019,points_r1_2019_info
AC120,International Business,294.0,,209.0,,269.0,
AC137,Liberal Arts,271.0,,252.0,,275.0,
AD101,First Year Art and Design (Common Entry portfolio),554.0,Test/Portfolio,,Test/Portfolio,,Test/Portfolio
AD102,Graphic Design and Moving Image Design (portfolio),538.0,Test/Portfolio,,Test/Portfolio,,Test/Portfolio
AD103,Textile and Surface Design and Jewellery and Objec,505.0,Test/Portfolio,,Test/Portfolio,,Test/Portfolio
AD202,Education and Design or Fine Art (Second Level Tea,591.0,Test/Portfolio,,Test/Portfolio,,Test/Portfolio
AD204,Fine Art (portfolio),514.0,Test/Portfolio,,Test/Portfolio,,Test/Portfolio
AD211,Fashion Design (portfolio),760.0,Test/Portfolio,,Test/Portfolio,,Test/Portfolio
AD212,Product Design (portfolio),413.0,Test/Portfolio,,Test/Portfolio,,Test/Portfolio
AD215,Visual Culture,337.0,,377.0,,338.0,
AD217,Illustration (portfolio),738.0,Test/Portfolio,,Test/Portfolio,,Test/Portfolio
AD222,Interaction Design (portfolio),444.0,Test/Portfolio,,Test/Portfolio,,Test/Portfolio
AL801,Software Design for Virtual Reality and Gaming,300.0,,303.0,,328.0,
AL802,Software Design in Artificial Intelligence for Clo,313.0,,332.0,,306.0,
AL803,Software Design for Mobile Apps and Connected Devi,350.0,,337.0,,337.0,
AL805,Computer Engineering for Network Infrastructure,321.0,,333.0,,442.0,
AL810,Quantity Surveying,328.0,,319.0,,349.0,
AL811,Civil Engineering,,,320.0,,,
AL820,Mechanical and Polymer Engineering,327.0,,308.0,,358.0,
AL830,General Nursing,451.0,Randomly Selected,442.0,,429.0,
AL832,Mental Health Nursing,440.0,Randomly Selected,387.0,,403.0,
AL835,Pharmacology,356.0,,,,,
AL836,Nutrition and Health Science,346.0,,334.0,,383.0,
AL837,Sports Science with Exercise Physiology,357.0,,351.0,,392.0,
AL838,Biotechnology,324.0,,307.0,,372.0,
AL839,Microbiology,325.0,,325.0,,371.0,
AL840,Pharmaceutical Sciences,346.0,,347.0,,411.0,
AL841,Athletic and Rehabilitation Therapy,477.0,,430.0,,430.0,
AL842,Bioveterinary Science,338.0,,313.0,,366.0,
AL843,Physical Activity and Health Science,306.0,,306.0,,330.0,
AL849,Culinary Entrepreneurship,297.0,,,,,
AL850,Business,309.0,,309.0,,356.0,
AL851,Business and Law,302.0,,295.0,,341.0,
AL852,Accounting,336.0,,309.0,,346.0,
AL853,Accounting and Law,,,,,320.0,
AL854,Sport Management (with international placement),300.0,,302.0,,,
AL855,Hospitality Management (with international placeme,309.0,,308.0,,357.0,
AL857,Digital Marketing,304.0,,304.0,,360.0,
AL859,International Business,308.0,,,,,
AL860,Social Care Practice,301.0,,300.0,,338.0,
AL861,Animation and Illustration (portfolio),575.0,Test/Portfolio,578.0,,899.0,Test/Portfolio
AL863,Graphic and Digital Design (portfolio),747.0,Test/Portfolio,781.0,,898.0,Test/Portfolio
AL864,Early Years Care and Education,306.0,,307.0,,348.0,
AL870,Applied Psychology,484.0,Randomly Selected,418.0,,445.0,
AS001,Education  Home Economics and Biology - with concu,542.0,,510.0,,497.0,Randomly Selected
AS002,Education  Home Economics and Religious Ed - with,464.0,,441.0,,433.0,Randomly Selected
AS003,Education  Home Economics and Irish - with concurr,463.0,Randomly Selected,440.0,,457.0,
AS051,Nutrition  Food and Business Management,378.0,,328.0,,399.0,
AS054,Home Economics,440.0,Randomly Selected,408.0,,401.0,
AS110,General Nursing,440.0,Randomly Selected,419.0,,409.0,Randomly Selected
AS130,Intellectual Disability Nursing,387.0,,336.0,,338.0,
BN101,Business,,,,,289.0,
BN103,Business and Information Technology,,,,,290.0,
BN104,Computing (Information Technology),,,,,293.0,
BN107,Applied Social Studies in Social Care,,,,,328.0,
BN108,Engineering (Common Entry with Award options),,,,,318.0,
BN109,Business (Common Entry with Award options),,,,,279.0,
BN110,International Business,,,,,308.0,
BN111,Sports Management and Coaching,,,,,298.0,
BN112,Creative Digital Media,,,,,329.0,
BN113,Horticulture,,,,,321.0,
BN114,Accounting and Finance,,,,,332.0,
BN115,Community and Youth Development,,,,,298.0,
BN117,Computer Engineering in Mobile Systems,,,,,311.0,
BN118,Early Childhood Care and Education,,,,,320.0,
BN119,Digital Marketing,,,,,308.0,
BN120,Digital Forensics and Cyber Security,,,,,326.0,
BN121,Mechatronic Engineering,,,,,340.0,
BN123,"Design,Technology and Innovation",,,,,318.0,
BY001,Business,210.0,,,,,
CI101,Counselling and Psychotherapy (Limerick),,,,,328.0,
CI110,Counselling and Psychotherapy,292.0,,310.0,,,
CI111,Counselling and Psychotherapy with Addiction Studi,290.0,,301.0,,,
CI112,Counselling and Psychotherapy with Youth Studies,325.0,,311.0,,,
CK101,Arts - 3 years,300.0,,300.0,,368.0,
CK102,Social Science,434.0,,412.0,,431.0,
CK104,Arts with Music - 3 or 4 years (BMus or Chinese/Eu,339.0,Test/Portfolio,302.0,,409.0,Test/Portfolio
CK105,Film and Screen Media - 3 years or 4 years (Intern,421.0,,368.0,,442.0,
CK107,Geographical and Archaeological Sciences - 3 or 4,312.0,,328.0,,388.0,
CK108,Arts International - 4 years,440.0,Randomly Selected,401.0,,466.0,
CK109,English - 3 years or 4 years (International Pathwa,367.0,,318.0,,423.0,
CK110,World Languages,488.0,,452.0,,506.0,
CK111,Early Years and Childhood Studies,409.0,,419.0,,429.0,
CK112,Theatre and Performative Practices - 3 or 4 years,371.0,Test/Portfolio,330.0,,470.0,Test/Portfolio
CK113,Criminology - 3 years or 4 years (International Pa,464.0,,423.0,,430.0,
CK114,Social Science (Youth and Community Work),,Test/Portfolio,,,,Test/Portfolio
CK115,Social Work - Mature Applicants only,,,,,,Test/Portfolio
CK116,Sports Studies and Physical Education,,,,,520.0,
CK118,Digital Humanities and IT - 3 or 4 years (Work Exp,347.0,,336.0,,361.0,
CK120,Applied Psychology,544.0,,533.0,,532.0,
CK121,Psychology and Computing - 3 or 4 years (Work Expe,499.0,,466.0,,466.0,
CK122,Government and Political Science,399.0,,337.0,,410.0,
CK123,Anthropology,308.0,,308.0,,,
CK124,Education - Gaeilge,473.0,,463.0,,,
CK125,Sports Studies and Physical Education,564.0,,510.0,,,
CK201,Commerce,500.0,,477.0,,489.0,Randomly Selected
CK202,Accounting,553.0,,509.0,,506.0,
CK203,Business Information Systems,455.0,,430.0,,444.0,
CK204,Finance,566.0,Randomly Selected,556.0,,555.0,
CK205,Commerce (International) with French,465.0,,445.0,,473.0,
CK206,Commerce (International) with German,466.0,,420.0,,446.0,
CK207,Commerce (International) with Italian,423.0,,388.0,,425.0,
CK208,Commerce (International) with Hispanic Studies,488.0,,402.0,,455.0,
CK209,Commerce (International) with Irish,507.0,,484.0,,528.0,
CK211,Commerce (International) with Chinese Studies,385.0,,397.0,,420.0,
CK212,Economics (through Transformational Learning) 3 or,445.0,,444.0,,429.0,
CK213,Food Marketing and Entrepreneurship,466.0,,462.0,,,
CK214,International Development,332.0,,346.0,,,
CK301,Law (Pathways) -  3 or 4 years,533.0,,507.0,,519.0,
CK302,Law and French,545.0,,542.0,,531.0,
CK304,Law and Irish,588.0,,540.0,,510.0,
CK307,Law and Business,589.0,Randomly Selected,556.0,,554.0,
CK401,Computer Science,503.0,,468.0,,456.0,
CK402,Biological and Chemical Sciences,555.0,Randomly Selected,510.0,,520.0,
CK404,Biological  Earth and Environmental Sciences,500.0,,467.0,,451.0,
CK405,Genetics,543.0,,487.0,,496.0,
CK406,Chemical Sciences,532.0,,485.0,,488.0,
CK407,Mathematical Sciences,566.0,,566.0,,578.0,
CK408,Physics and Astrophysics,566.0,,554.0,,566.0,
CK409,Industrial Physics - Offered jointly by UCC and CI,465.0,,432.0,,532.0,
CK411,Data Science and Analytics,531.0,,510.0,,542.0,
CK412,Agricultural Science,506.0,,496.0,,509.0,
CK502,Food Marketing and Entrepreneurship,,,,,456.0,
CK504,Nutritional Sciences,555.0,,518.0,,509.0,
CK505,Food Science,463.0,,441.0,,477.0,
CK506,International Development and Food Policy,,,,,410.0,
CK600,Engineering,510.0,,487.0,,532.0,
CK606,Architecture - Offered jointly by UCC and CIT,543.0,,484.0,,496.0,
CK701,Medicine (Undergraduate Entry - HPAT required),738.0,Test/Portfolio,731.0,,740.0,Test/Portfolio
CK702,Dentistry,625.0,Randomly Selected,613.0,,613.0,
CK703,Pharmacy,613.0,Randomly Selected,590.0,,589.0,
CK704,Occupational Therapy,601.0,Randomly Selected,566.0,,554.0,Randomly Selected
CK705,Speech and Language Therapy,568.0,,520.0,,529.0,
CK706,Public Health Sciences,500.0,,454.0,,451.0,
CK707,Medical and Health Sciences,578.0,Randomly Selected,542.0,,543.0,Randomly Selected
CK710,General Nursing,498.0,Randomly Selected,454.0,,466.0,
CK712,Children`s and General Nursing (Integrated),565.0,,533.0,,520.0,
CK720,Mental Health Nursing,455.0,,423.0,,429.0,
CK730,Intellectual Disability Nursing,431.0,,419.0,,388.0,
CK740,Midwifery,509.0,Randomly Selected,484.0,,474.0,
CK791,Medicine  - Graduate Entry (GAMSAT required),60.0,Randomly Selected,57.0,,59.0,Randomly Selected
CM001,Education - Primary Teaching,508.0,,484.0,,462.0,Randomly Selected
CM002,Education - Primary Teaching - Gaeltacht Applicant,462.0,Test/Portfolio,,,440.0,Test/Portfolio
CM003,Oideachas – Bunmhúinteoireacht Trí Mheán na Gaeilg,513.0,Test/Portfolio,528.0,,506.0,Test/Portfolio
CM004,Oideachas - Bunmhúinteoireacht Trí Mheán na Gaeilg,480.0,Test/Portfolio,494.0,,569.0,Test/Portfolio
CM010,Education Studies,382.0,,319.0,,373.0,
CM020,Early Childhood Education,317.0,,327.0,,363.0,
CR105,Chemical and Biopharmaceutical Engineering,443.0,,443.0,,498.0,
CR106,Software Development,431.0,,411.0,,393.0,
CR108,Mechanical Engineering,434.0,,434.0,,487.0,
CR109,Structural Engineering,396.0,,394.0,,467.0,
CR110,Automotive Business Management and Technology,336.0,,311.0,,347.0,
CR112,Creative Digital Media at CIT Crawford College of,390.0,,361.0,,389.0,
CR116,Computer Systems,365.0,,332.0,,381.0,
CR121,Music at CIT Cork School of Music,904.0,Test/Portfolio,868.0,,1052.0,Test/Portfolio
CR125,Popular Music at CIT Cork School of Music,1028.0,Test/Portfolio,1088.0,,1021.0,Test/Portfolio
CR126,Popular Music: Drums at CIT Cork School of Music,,,801.0,,1043.0,Test/Portfolio
CR127,Popular Music: Electric Guitar at CIT Cork School of Music,,,838.0,,761.0,Test/Portfolio
CR128,Popular Music: Keyboards at CIT Cork School of Music,,,840.0,,1009.0,Test/Portfolio
CR129,Popular Music: Voice at CIT Cork School of Music,,,841.0,,927.0,Test/Portfolio
CR130,Musical Theatre at CIT Cork School of Music,525.0,Test/Portfolio,548.0,,600.0,Test/Portfolio
CR150,Business Information Systems,350.0,,335.0,,371.0,
CR210,Contemporary Applied Art (Ceramics  Glass  Textile,450.0,Test/Portfolio,,Test/Portfolio,979.0,Test/Portfolio
CR220,Fine Art at CIT Crawford College of Art and Design,400.0,Test/Portfolio,,Test/Portfolio,819.0,Test/Portfolio
CR225,Photography with New Media at CIT Crawford College,435.0,Test/Portfolio,,Test/Portfolio,920.0,Test/Portfolio
CR305,Physical Sciences (Common Entry),260.0,,282.0,,309.0,
CR310,IT Management,347.0,,297.0,,317.0,
CR320,Biomedical Science - Offered jointly by CIT and UC,590.0,Randomly Selected,565.0,,556.0,
CR325,Pharmaceutical Biotechnology,466.0,,398.0,,422.0,
CR333,Nutrition and Health Science,425.0,,402.0,,393.0,
CR335,Biological Sciences (Common Entry),473.0,,420.0,,419.0,
CR340,Analytical Chemistry with Quality Assurance,327.0,,251.0,,315.0,
CR360,Instrument Engineering,301.0,,261.0,,329.0,
CR365,Environmental Science and Sustainable Technology,262.0,,253.0,,362.0,
CR370,Agri-Biosciences,368.0,,397.0,,431.0,
CR400,Accounting,315.0,,316.0,,389.0,
CR420,Marketing,290.0,,285.0,,329.0,
CR425,International Business with Language,279.0,,298.0,,392.0,
CR430,Sport and Exercise Management,402.0,,322.0,,,
CR435,Coaching Science and Sports Pedagogy,410.0,,,,,
CR440,Montessori Education,409.0,,288.0,,,
CR500,Engineering (Common Entry),475.0,,411.0,,424.0,
CR510,Sustainable Energy Engineering,320.0,,320.0,,343.0,
CR520,Biomedical Engineering,444.0,,444.0,,477.0,
CR560,Architectural Technology,375.0,,308.0,,332.0,
CR565,Interior Architecture,431.0,,359.0,,390.0,
CR570,Quantity Surveying,375.0,,336.0,,342.0,
CR572,Construction Management,300.0,,269.0,,300.0,
CR580,Electrical Engineering,342.0,,318.0,,374.0,
CR590,Electronic Engineering,329.0,,303.0,,411.0,
CR600,Visual Communications at CIT Crawford College of A,280.0,Test/Portfolio,,Test/Portfolio,888.0,Test/Portfolio
CR660,Tourism Management,246.0,,252.0,,290.0,
CR700,Theatre and Drama Studies at CIT Cork School of Mu,609.0,Test/Portfolio,740.0,,906.0,Test/Portfolio
CR930,Home Economics and Business,518.0,Randomly Selected,,,,
CT125,Computing and IT,242.0,,220.0,,280.0,
CT325,Business,253.0,,338.0,,,
CW018,Business (options),307.0,,298.0,,349.0,
CW028,Early Childhood Education and Care,260.0,,252.0,,308.0,
CW038,Art (portfolio),700.0,Test/Portfolio,700.0,,700.0,Test/Portfolio
CW058,Tourism and Event Management,292.0,,298.0,,262.0,
CW068,Applied Social Studies in Professional Social Care,250.0,,245.0,,280.0,
CW078,Sustainable Farm Management and Agribusiness,270.0,,269.0,,320.0,
CW088,Visual Communications and Design,270.0,,274.0,,345.0,
CW108,Science (options),266.0,,261.0,,326.0,
CW128,Brewing and Distilling,307.0,,263.0,,298.0,
CW138,Sport and Exercise Science,430.0,,423.0,,,
CW148,Strength and Conditioning,388.0,,379.0,,,
CW178,Sport Science (options),,,,,424.0,
CW188,Sport Rehabilitation and Athletic Therapy,451.0,,451.0,,473.0,
CW208,Computer Games Development,272.0,,279.0,,338.0,
CW238,Software Development,295.0,,297.0,,343.0,
CW248,Information Technology Management,293.0,,285.0,,357.0,
CW258,Cybercrime and IT Security,292.0,,293.0,,328.0,
CW268,Computing in Interactive Digital Art and Design,291.0,,287.0,,321.0,
CW438,Construction (options),260.0,,272.0,,308.0,
CW468,Architectural Technology,291.0,,262.0,,290.0,
CW478,Civil Engineering,465.0,,433.0,,383.0,
CW548,Mechanical Engineering,330.0,,321.0,,351.0,
CW558,Electronic Systems,280.0,,280.0,,338.0,
CW568,Aerospace Engineering,371.0,,380.0,,422.0,
CW578,TV and Media Production,318.0,,325.0,,361.0,
CW708,Law - LLB,292.0,,302.0,,328.0,
CW728,Product Design Innovation,246.0,,252.0,,355.0,
CW748,Early Childhood Education and Care,290.0,,270.0,,338.0,
CW758,Professional Social Care Practice,360.0,,336.0,,319.0,
CW808,Media and Public Relations,247.0,,251.0,,307.0,
CW848,Digital Marketing with Analytics,269.0,,254.0,,307.0,
CW858,Sports Management and Coaching (options  portfolio,700.0,Test/Portfolio,700.0,,700.0,Test/Portfolio
CW908,Business (options),272.0,,280.0,,307.0,
CW938,Business with Law,270.0,,283.0,,288.0,
CW948,Accounting,319.0,,300.0,,408.0,
DB500,Computing,234.0,,218.0,,320.0,
DB501,Computing (Cloud Computing),,,227.0,,329.0,
DB502,Computing (Data Analytics and Big Data),267.0,,341.0,,269.0,
DB503,Computing (Software Development),,,225.0,,282.0,
DB504,Computing (Web and Mobile Technology),,,,,269.0,
DB510,Audio Production and Music Project Management,217.0,,234.0,,293.0,
DB512,Business Studies,243.0,,218.0,,301.0,
DB514,Business Studies (Law),239.0,,252.0,,337.0,
DB515,Business Studies (Human Resource Management),242.0,,244.0,,288.0,
DB516,Financial Services,,,,,336.0,
DB517,Marketing (Event Management),233.0,,238.0,,327.0,
DB518,Marketing (Digital Media),307.0,,,,289.0,
DB521,Accounting and Finance,243.0,,225.0,,271.0,
DB524,Business (Information Systems),247.0,,342.0,,402.0,
DB525,Marketing (Digital Media and Cloud Computing),288.0,,,,309.0,
DB526,Business (Cloud Computing),244.0,,347.0,,288.0,
DB527,Applied Social Care,254.0,,234.0,,288.0,
DB531,Marketing,288.0,,293.0,,288.0,
DB562,Psychology,244.0,,243.0,,310.0,
DB566,Social Science,262.0,,220.0,,308.0,
DB567,Film and Creative Media,245.0,,218.0,,295.0,
DB568,Law,254.0,,219.0,,308.0,
DB569,Business (Psychology),240.0,,252.0,,338.0,
DC001,Education - Early Childhood Education,445.0,,440.0,,424.0,
DC002,Education - Primary Teaching,518.0,Randomly Selected,488.0,,485.0,Randomly Selected
DC003,Education - Primary Teaching - Gaeltacht Applicant,489.0,Test/Portfolio,445.0,,473.0,Test/Portfolio
DC004,Education - Primary Teaching (Church of Ireland Ce,451.0,Test/Portfolio,411.0,,,Test/Portfolio
DC005,Education - Primary Teaching - Irish Sign Language,,,,,316.0,Test/Portfolio
DC009,Arts (Joint Honours) - Humanities,356.0,,376.0,,408.0,
DC010,Post Primary Teacher Education - Religious Educati,384.0,,441.0,,413.0,
DC011,Post Primary Teacher Education - Religious Educati,409.0,,412.0,,389.0,
DC012,Post Primary Teacher Education - Religious Educati,409.0,,378.0,,415.0,Test/Portfolio
DC013,Post Primary Teacher Ed - Gaeilge with French/Germ,413.0,,419.0,,509.0,
DC014,BA in Jazz and Contemporary Music Performance (aud,311.0,Test/Portfolio,419.0,,590.0,Test/Portfolio
DC110,Business Studies International,498.0,,465.0,,462.0,
DC111,Business Studies,511.0,,488.0,,479.0,
DC112,Global Business (France),542.0,Randomly Selected,517.0,,510.0,
DC113,Global Business (Germany),484.0,,462.0,,476.0,
DC114,Global Business (Spain),544.0,,522.0,,543.0,
DC115,Accounting and Finance,544.0,,510.0,,500.0,
DC116,Global Business (USA),613.0,Randomly Selected,579.0,,589.0,
DC117,Aviation Management / Aviation Management with Pil,484.0,,476.0,,487.0,
DC118,Gná agus Gaeilge / Business and Irish,368.0,,359.0,,399.0,
DC119,Global Business (Canada),601.0,,564.0,,577.0,
DC120,Computing for Business,403.0,,357.0,,389.0,
DC121,Computer Science,475.0,,400.0,,418.0,
DC123,Data Science,501.0,,465.0,,511.0,
DC126,Actuarial Mathematics,577.0,Randomly Selected,560.0,,543.0,
DC127,Common Entry into Actuarial and Financial Mathemat,541.0,,532.0,,531.0,
DC131,Communication Studies,421.0,,407.0,,441.0,
DC132,Journalism,452.0,,429.0,,440.0,
DC133,Multimedia,435.0,,411.0,,451.0,
DC155,Applied Language and Translation Studies,427.0,,387.0,,430.0,
DC161,Analytical Science,498.0,,498.0,,463.0,
DC162,Chemical and Pharmaceutical Sciences,531.0,Randomly Selected,521.0,,498.0,
DC163,Chemical Sciences General Entry (Undenominated Ent,466.0,Randomly Selected,,,,
DC166,Environmental Science and Technology,423.0,Randomly Selected,433.0,,442.0,
DC167,Physics with Astronomy,,,,,477.0,
DC168,Genetics and Cell Biology,543.0,Randomly Selected,512.0,,500.0,
DC171,Applied Physics,,,,,433.0,
DC173,Physics with Biomedical Sciences,,,,,458.0,
DC175,Physics General Entry (options),400.0,,419.0,,,
DC180,Biological Sciences General Entry (Undenominated E,530.0,,,,,
DC181,Biotechnology,530.0,,499.0,,488.0,
DC190,Electronic and Computer Engineering (with choice o,488.0,,413.0,,433.0,
DC193,Mechatronic Engineering,490.0,,411.0,,445.0,
DC194,Sustainable Systems and Energy,476.0,,,,,
DC195,Mechanical and Manufacturing Engineering,500.0,,425.0,,444.0,
DC197,Biomedical Engineering,510.0,,423.0,,446.0,
DC200,Common Entry into Engineering (Undenominated Entry,511.0,,422.0,,444.0,
DC201,Common Entry into Science (Undenominated Entry),,,498.0,,477.0,
DC202,Sport Science and Health,511.0,,500.0,,476.0,
DC203,Science Education,462.0,,435.0,,476.0,
DC204,Athletic Therapy and Training,558.0,,522.0,,500.0,
DC205,Physical Education with Biology,565.0,,531.0,,521.0,
DC206,Physical Education with Mathematics,521.0,,499.0,,476.0,
DC207,Psychology and Mathematics,521.0,,,,,
DC208,Psychology,565.0,,532.0,,521.0,
DC209,Health and Society,477.0,,465.0,,440.0,
DC210,Psychology and Disruptive Technologies,506.0,,,,,
DC215,General Nursing,456.0,Randomly Selected,454.0,,443.0,
DC216,Mental Health Nursing,420.0,,418.0,,389.0,
DC217,Intellectual Disability Nursing,382.0,,370.0,,362.0,
DC218,Children`s and General Nursing (Integrated),521.0,Randomly Selected,500.0,,480.0,
DC230,Economics  Politics and Law,431.0,,435.0,,431.0,
DC231,International Relations,398.0,,397.0,,445.0,
DC232,Law and Society (BCL),469.0,,466.0,,487.0,
DC235,Education and Training - Daytime and Flexible Deli,302.0,,309.0,,327.0,
DC238,Social Sciences and Cultural Innovation,387.0,,377.0,,388.0,
DC239,"Gaeilge, Iriseoireacht agus na Meáin Dhigiteacha",,,430.0,,,
DC240,Marketing  Innovation and Technology,499.0,,476.0,,474.0,
DC241,Digital Business and Innovation,509.0,,,,,
DC291,Arts (Joint Honours) - Media Studies,350.0,,376.0,,392.0,
DC292,Arts (Joint Honours) - Law,400.0,,403.0,,388.0,
DC293,Arts (Joint Honours) - International Languages,379.0,,377.0,,400.0,
DC294,Climate and Environmental Sustainability,475.0,,,,,
DC295,Arts (Joint Honours) - Politics,349.0,,376.0,,387.0,
DK810,Accounting and Finance,307.0,,305.0,,391.0,
DK816,Business Studies,301.0,,300.0,,357.0,
DK820,Computing in Games Development,309.0,,311.0,,369.0,
DK821,Computing in Software Development,320.0,,302.0,,347.0,
DK822,Augmented and Virtual Reality,320.0,,307.0,,,
DK830,Building Surveying,305.0,,336.0,,349.0,
DK831,Architectural Technology,368.0,,389.0,,366.0,
DK832,Construction Management,358.0,,387.0,,329.0,
DK843,Engineering (Common Entry),404.0,,340.0,,402.0,
DK844,Mechanical Engineering,336.0,,305.0,,,
DK845,Electrical and Electronic Engineering,331.0,,304.0,,,
DK846,Civil Engineering,371.0,,391.0,,,
DK850,International Tourism Management,303.0,,317.0,,,
DK860,Music (audition),,,532.0,,649.0,Test/Portfolio
DK861,Arts,302.0,,302.0,,358.0,
DK862,Social Care,322.0,,301.0,,338.0,
DK863,Creative Media,336.0,,308.0,,376.0,
DK864,Film and Television Production,308.0,,300.0,,332.0,
DK865,Audio and Music Production,352.0,,301.0,,346.0,
DK870,General Nursing,440.0,Randomly Selected,403.0,,401.0,
DK872,Intellectual Disability Nursing,367.0,,336.0,,317.0,
DK874,Mental Health Nursing,398.0,,356.0,,378.0,
DK876,Early Childhood Studies,300.0,,321.0,,359.0,
DK877,Midwifery,482.0,,440.0,,441.0,Randomly Selected
DK880,Health and Physical Activity,301.0,,328.0,,367.0,
DK882,Agriculture (Award options),342.0,,310.0,,358.0,
DK883,Science (Award options),373.0,,358.0,,369.0,
DK884,Sustainable Agriculture,348.0,,,,,
DK885,Agri-Food Production,,,,,,
DK886,Biopharmaceutical Science,379.0,,301.0,,,
DK887,Environmental Science,377.0,,330.0,,,
DL821,"English, Media and Cultural Studies",,,212.0,,317.0,
DL822,Arts Management,254.0,,229.0,,319.0,
DL823,Business Management,220.0,,235.0,,316.0,
DL825,Applied Psychology,418.0,,379.0,,413.0,
DL826,Graphic Design,591.0,Test/Portfolio,855.0,,989.0,Test/Portfolio
DL827,Art,574.0,Test/Portfolio,572.0,,902.0,Test/Portfolio
DL828,"3D Design, Modelmaking and Digital Art",,,506.0,,866.0,Test/Portfolio
DL829,Design for Stage and Screen (Costume Design),,,593.0,,1021.0,Test/Portfolio
DL830,Design for Stage and Screen (Character Makeup Design),,,939.0,,953.0,Test/Portfolio
DL831,Design for Stage and Screen (Production Design),,,781.0,,1073.0,Test/Portfolio
DL832,Animation,989.0,Test/Portfolio,920.0,,1055.0,Test/Portfolio
DL833,Photography and Visual Media,671.0,Test/Portfolio,650.0,,791.0,Test/Portfolio
DL834,Film and Television Production,,,990.0,,1011.0,Test/Portfolio
DL835,Creative Media Technologies,,,,,289.0,
DL836,Creative Computing,235.0,,219.0,,326.0,
DL837,New Media Studies,298.0,,201.0,,349.0,
DL838,Creative Music Production,713.0,Test/Portfolio,754.0,,873.0,Test/Portfolio
DL839,Interaction and User Experience Design,757.0,Test/Portfolio,683.0,,,
DL840,Digital Marketing,210.0,,228.0,,,
DL841,English and Equality Studies,277.0,,276.0,,,
DL843,Film,987.0,Test/Portfolio,,,,
DL844,Television,566.0,Test/Portfolio,,,,
DL845,Design for Film (degree options),628.0,Test/Portfolio,,,,
DN100,Architecture,555.0,,510.0,,509.0,
DN120,Landscape Architecture,463.0,,407.0,,403.0,
DN130,City Planning and Environmental Policy,445.0,,407.0,,421.0,
DN150,Engineering (Common Entry),565.0,Randomly Selected,531.0,,554.0,
DN200,Science (options),577.0,,533.0,,554.0,
DN201,Computer Science (Common Entry),554.0,,510.0,,509.0,
DN230,Actuarial and Financial Studies,613.0,Randomly Selected,601.0,,589.0,
DN240,Sustainability,510.0,,440.0,,,
DN250,Agricultural Science (options),454.0,,456.0,,462.0,
DN252,Dairy Business,,,410.0,,428.0,
DN253,Agri - Environmental Sciences,,,418.0,,419.0,
DN261,Food Science,531.0,,477.0,,467.0,
DN262,Human Nutrition,566.0,,531.0,,510.0,
DN271,Forestry,,,311.0,,361.0,
DN272,"Horticulture, Landscape and Sportsturf Management",,,297.0,,312.0,
DN300,Veterinary Medicine - Undergraduate Entry,601.0,Randomly Selected,589.0,,589.0,Test/Portfolio
DN301,Veterinary Medicine - Graduate Entry (GAMSAT requi,,,,,,Test/Portfolio
DN310,Veterinary Nursing,521.0,,478.0,,487.0,
DN400,Medicine - Undergraduate Entry (HPAT required),743.0,Randomly Selected,737.0,,745.0,Test/Portfolio
DN401,Medicine - Graduate Entry (GAMSAT required),61.0,Randomly Selected,,,61.0,Randomly Selected
DN410,Radiography,566.0,Randomly Selected,534.0,,522.0,
DN411,Radiography - Graduate Entry,,Test/Portfolio,,,,Test/Portfolio
DN420,Physiotherapy,601.0,Randomly Selected,578.0,,555.0,
DN425,Health and Performance Science,544.0,,510.0,,509.0,
DN430,Sport and Exercise Management,484.0,,455.0,,455.0,
DN440,Biomedical  Health and Life Sciences,613.0,Randomly Selected,590.0,,579.0,Randomly Selected
DN450,General Nursing,462.0,Randomly Selected,429.0,,420.0,
DN451,Children`s and General Nursing (Integrated),533.0,,509.0,,499.0,Randomly Selected
DN452,Midwifery,510.0,,489.0,,452.0,
DN453,Mental Health Nursing,442.0,,397.0,,403.0,
DN520,Joint Honours (options),381.0,,310.0,,408.0,
DN530,Humanities (options),397.0,,340.0,,411.0,
DN541,Modern Languages (options),320.0,,303.0,,412.0,
DN600,Law (options),576.0,,546.0,,532.0,Randomly Selected
DN610,Business and Law,573.0,,545.0,,543.0,
DN650,Commerce,555.0,,521.0,,510.0,Randomly Selected
DN660,Commerce International (options),555.0,,517.0,,531.0,
DN670,Economics and Finance,625.0,Randomly Selected,613.0,,601.0,
DN700,Social Sciences (options),475.0,,421.0,,441.0,
DN710,Economics,534.0,,498.0,,488.0,
DN720,Psychology,566.0,,530.0,,531.0,
DN750,Social Policy and Sociology,421.0,,378.0,,366.0,
DT001,Product Design,,,,,464.0,
DT028,Transport Operations and Technology,,,,,348.0,
DT035,Electrical Services and Energy Management,,,,,340.0,
DT066,Engineering (General Entry),,,,,457.0,
DT101,Architecture (test and interview),,,,,647.0,Test/Portfolio
DT106,Planning and Environmental Management,,,,,337.0,
DT110,Property Economics (Valuation Surveying),,,,,424.0,
DT111,Quantity Surveying and Construction Economics,,,,,421.0,
DT112,Geographic Science,,,,,335.0,
DT117,Construction Management,,,,,373.0,
DT175,Architectural Technology,,,,,425.0,
DT201,Science (General Entry),,,,,477.0,
DT203,Analytical Chemistry (Environmental Forensic and Pharmaceutical),,,,,403.0,
DT204,Biomedical Science,,,,,512.0,
DT205,Mathematical Sciences,,,,,363.0,
DT206,Biomedical and Molecular Diagnostics,,,,,487.0,
DT211,Computer Science (Infrastructure),,,,,414.0,
DT220,Industrial Mathematics,,,,,317.0,
DT221,Physics with Energy and Environment,,,,,436.0,
DT222,Physics Technology,,,,,371.0,
DT223,Human Nutrition and Dietetics,,,,,566.0,
DT224,Optometry,,,,,529.0,
DT225,Public Health Nutrition,,,,,476.0,
DT227,Science with Nanotechnology,,,,,361.0,
DT228,Computer Science,,,,,466.0,
DT229,Clinical Measurement Science,,,,,509.0,
DT235,Physics with Medical Physics and Bioengineering,,,,,403.0,
DT282,Computer Science (International),,,,,402.0,
DT299,Chemical Sciences with Medicinal Chemistry,,,,,445.0,
DT302,Business Analytics,,,,,403.0,
DT304,E-Commerce in Retailing,,,,,388.0,
DT321,Business and Law,,,,,478.0,
DT341,Marketing,,,,,419.0,
DT343,Retail and Services Management,,,,,332.0,
DT354,Business Computing,,,,,341.0,
DT358,Logistics and Supply Chain Management,,,,,359.0,
DT365,Business and Management,,,,,456.0,
DT366,Accounting and Finance,,,,,454.0,
DT398,Human Resource Management,,,,,388.0,
DT399,Economics and Finance,,,,,465.0,
DT401,International Hospitality Management,,,,,337.0,
DT405,Culinary Science,,,,,377.0,
DT407,Culinary Arts,,,,,342.0,
DT412,Tourism Marketing,,,,,322.0,
DT413,Event Management,,,,,389.0,
DT416,Culinary Entrepreneurship,,,,,339.0,
DT420,Nutraceuticals in Health and Nutrition,,,,,432.0,
DT421,Food Innovation,,,,,366.0,
DT422,Pharmaceutical Healthcare,,,,,423.0,
DT491,Environmental Health,,,,,380.0,
DT501,Music,,,,,520.0,Test/Portfolio
DT504,Film and Broadcasting,,,,,467.0,
DT506,Commercial Modern Music,,,,,835.0,Test/Portfolio
DT508,Game Design,,,,,454.0,
DT517,Languages and English Studies,,,,,419.0,
DT518,Languages and International Tourism,,,,,357.0,
DT529,Drama (Performance),,,,,519.0,Test/Portfolio
DT532,Law (LL.B.),,,,,441.0,
DT533,Contemporary Visual Culture,,,,,,Test/Portfolio
DT544,Interior Design,,,,,866.0,Test/Portfolio
DT545,Design - Visual Communication,,,,,897.0,Test/Portfolio
DT546,Fine Art,,,,,813.0,Test/Portfolio
DT555,International Business and Languages,,,,,399.0,
DT559,Photography,,,,,926.0,Test/Portfolio
DT571,Social Care,,,,,424.0,
DT572,Early Childhood Education,,,,,403.0,
DT582,Journalism,,,,,373.0,
DT596,Print Media Technology and Management,,,,,311.0,
DT597,Creative and Cultural Industries,,,,,369.0,
GA181,Accounting,303.0,,309.0,,378.0,
GA182,Business,285.0,,287.0,,347.0,
GA183,Business Information Systems,298.0,,296.0,,373.0,
GA184,Marketing and Sales,300.0,,307.0,,348.0,
GA185,Finance and Economics,318.0,,293.0,,398.0,
GA186,Business with Entrepreneurship,287.0,,280.0,,328.0,
GA187,Rural Enterprise and Agri-Business,291.0,,281.0,,367.0,
GA281,Film and Documentary,310.0,,304.0,,360.0,
GA282,Heritage Studies,252.0,,220.0,,308.0,
GA283,Contemporary Art (portfolio),790.0,Test/Portfolio,679.0,,340.0,
GA284,Design,331.0,,303.0,,377.0,
GA285,Education (Art  Design and Graphics),406.0,,,,,
GA380,International Hotel Management,218.0,,242.0,,289.0,
GA381,International Tourism Management,252.0,,278.0,,290.0,
GA382,Culinary and Gastronomic Science,235.0,,206.0,,316.0,
GA384,Event Management with Public Relations,230.0,,212.0,,289.0,
GA385,Retail Management,,,,,319.0,
GA480,Construction Management,302.0,,260.0,,312.0,
GA482,Quantity Surveying and Construction Economics,304.0,,288.0,,340.0,
GA483,Architectural Technology,281.0,,265.0,,321.0,
GA484,Civil Engineering,377.0,,290.0,,362.0,
GA580,Software and Electronic Engineering,300.0,,300.0,,351.0,
GA680,Mechanical Engineering,400.0,,330.0,,389.0,
GA681,Energy Engineering,312.0,,293.0,,328.0,
GA682,Biomedical Engineering,331.0,,313.0,,383.0,
GA683,Agricultural Engineering,304.0,,309.0,,365.0,
GA684,Engineering Common Entry to Manu/Agri/Biomed/Energ,413.0,,340.0,,406.0,
GA685,Manufacturing Engineering Design,336.0,,309.0,,,
GA780,Applied Freshwater and Marine Biology,366.0,,327.0,,360.0,
GA781,Applied Biology and Biopharmaceutical Science,381.0,,337.0,,376.0,
GA782,Chemical and Pharmaceutical Science,356.0,,336.0,,346.0,
GA783,Physics and Instrumentation,301.0,,363.0,,378.0,
GA784,Science (Undenominated),445.0,,372.0,,377.0,
GA785,Medical Science,517.0,,473.0,,486.0,
GA786,Forensic Science and Analysis,408.0,,317.0,,366.0,
GA787,Computing in Software Development,310.0,,270.0,,327.0,
GA788,Computing and Digital Media,270.0,,274.0,,327.0,
GA789,Agriculture and Environmental Management,340.0,,287.0,,339.0,
GA790,Sport and Exercise Science,376.0,,356.0,,379.0,
GA791,Public Health Nutrition,368.0,,368.0,,397.0,
GA880,General Nursing,440.0,Randomly Selected,429.0,,400.0,Randomly Selected
GA882,Psychiatric Nursing,369.0,,367.0,,370.0,
GA885,Outdoor Education,269.0,,252.0,,298.0,
GA887,History and Geography,201.0,,244.0,,296.0,
GA889,Applied Social Care,265.0,,266.0,,297.0,
GA890,Early Childhood Education and Care,281.0,,270.0,,319.0,
GA891,Geography and Outdoor Education,261.0,,244.0,,,
GA892,Community Development and Youth Work (Level 8),,,,,,
GA980,Education (Design Graphics and Construction),410.0,,377.0,,389.0,
GA981,Furniture Design and Manufacture,346.0,,,,350.0,
GA982,Furniture Making and Architectural Woodworking,360.0,,,,352.0,
GA983,Furniture and Digital Manufacturing,,,,,,
GA984,Furniture Design  Making and Technology - Common E,486.0,,284.0,,,
GC200,Business,269.0,,252.0,,359.0,
GC201,Accounting and Finance,260.0,,303.0,,388.0,
GC230,Computing Science,300.0,,335.0,,327.0,
GC250,Communications and Media Production,,,,,,
GC300,Business,264.0,,429.0,,302.0,
GC301,Accounting and Finance,,,253.0,,314.0,
GC302,Business - HRM,377.0,,,,269.0,
GC305,International Hospitality Management,,,253.0,,327.0,
GC307,Business (Marketing),289.0,,,,,
GC400,Business,250.0,,248.0,,297.0,
GC401,Accounting and Finance,242.0,,240.0,,309.0,
GC402,Business (HRM),,,264.0,,290.0,
GC403,Law,245.0,,244.0,,308.0,
GC405,International Hospitality Management (Dublin),,,,,272.0,
GC407,Business (Marketing),264.0,,280.0,,330.0,
GC430,Computing Science,251.0,,252.0,,269.0,
GC450,Communications and Media Production,225.0,,254.0,,307.0,
GC462,Design Communication (portfolio),300.0,Test/Portfolio,,,,
GC489,Interior Architecture (portfolio),288.0,Test/Portfolio,254.0,,361.0,Test/Portfolio
GC494,Fashion Design (portfolio),351.0,Test/Portfolio,337.0,,,Test/Portfolio
GY101,Arts (Joint-Honours),327.0,,300.0,,374.0,
GY104,BSc (Psychology),564.0,,523.0,,529.0,
GY105,Arts (History),357.0,,301.0,,358.0,
GY107,Na Dána (Gaeilge agus Léann an Aistriúcháin),,,409.0,,397.0,
GY109,Arts (Mathematics and Education),413.0,,403.0,,487.0,
GY110,Arts (Children and Youth Studies - options),387.0,,357.0,,409.0,
GY111,Arts (English and Creative Writing),421.0,,330.0,,472.0,
GY112,Arts with Film Studies,,,321.0,,370.0,
GY113,Arts with Human Rights,413.0,,368.0,,409.0,
GY115,Arts with Performing Arts Studies,300.0,,387.0,,367.0,
GY118,Arts (Drama  Theatre and Performance Studies),453.0,,451.0,,451.0,
GY119,Arts (Journalism),484.0,,400.0,,475.0,
GY120,"Arts (Child, Youth and Family: Policy and Practice)",,,350.0,,346.0,
GY121,Arts (Children`s Studies),,,356.0,,389.0,
GY122,Na Dána (Cumarsáid agus Gaeilge),410.0,,361.0,,399.0,
GY123,Applied Social Sciences,419.0,,358.0,,388.0,
GY124,Arts (Arts with Data Science),,,454.0,,466.0,
GY125,Arts (Digital Arts and Technology),403.0,,328.0,,379.0,
GY126,Arts (English and Media Studies),,,391.0,,451.0,
GY127,Arts (Film and Digital Media),430.0,,401.0,,435.0,
GY128,Arts (Global Languages),346.0,,352.0,,440.0,
GY129,Arts (Global Experience),465.0,,420.0,,477.0,
GY130,Arts (Music),462.0,,408.0,,444.0,
GY131,Arts (History and Globalisation Studies),,,360.0,,431.0,
GY132,Government (Politics  Economics and Law),465.0,,407.0,,444.0,
GY133,Education (Computer Science and Mathematical Studi,454.0,,422.0,,466.0,
GY134,Geography and Geosystems,425.0,,410.0,,,
GY135,Arts (Global Media),442.0,,,,,
GY136,Na Dána (Léann Teanga - options),526.0,,,,,
GY201,Commerce,476.0,,433.0,,453.0,
GY202,Commerce (International) with French,520.0,,484.0,,513.0,
GY203,Commerce (International) with German,518.0,,489.0,,541.0,
GY204,Commerce (International) with Spanish,506.0,,495.0,,500.0,
GY206,Business Information Systems (Work Placement and O,509.0,,465.0,,445.0,
GY207,Commerce (Accounting) including optional Global Ex,543.0,,509.0,,510.0,
GY208,Commerce (Gaeilge),508.0,,473.0,,488.0,
GY209,Commerce (Global Experience),551.0,,530.0,,531.0,
GY250,Law and Business,510.0,,487.0,,467.0,
GY251,Law (BCL),542.0,,499.0,,498.0,
GY252,Law (BCL) and Human Rights,565.0,,520.0,,521.0,
GY253,Law and Taxation,506.0,,509.0,,,
GY254,Law (BCL)  Criminology and Criminal Justice,548.0,,530.0,,,
GY261,Business Studies in International Hotel Management,503.0,Test/Portfolio,497.0,,615.0,Test/Portfolio
GY262,Commerce in International Hotel Management (interv,709.0,Test/Portfolio,681.0,,726.0,Test/Portfolio
GY301,Science,489.0,,433.0,,456.0,
GY303,Biomedical Science,613.0,,556.0,,566.0,
GY304,Biotechnology,498.0,,465.0,,507.0,
GY308,Environmental Science,431.0,,408.0,,440.0,
GY309,Financial Mathematics and Economics,509.0,,487.0,,498.0,
GY310,Marine Science,467.0,,419.0,,456.0,
GY313,Environmental Health and Safety,412.0,,412.0,,435.0,
GY314,Earth and Ocean Sciences,422.0,,403.0,,425.0,
GY318,Biopharmaceutical Chemistry,555.0,,509.0,,532.0,
GY319,Mathematical Science,543.0,,476.0,,531.0,
GY320,Physics (Degree options: Applied Astrophysics Biom,465.0,,402.0,,487.0,
GY321,Genetics and Genomics,532.0,,508.0,,,
GY322,Agricultural Sciences,485.0,,,,,
GY350,Computer Science and Information Technology,495.0,,403.0,,466.0,
GY401,Engineering (Undenominated),522.0,,465.0,,499.0,
GY402,Civil Engineering,533.0,,455.0,,543.0,
GY405,Mechanical Engineering,541.0,,454.0,,499.0,
GY406,Electronic and Computer Engineering,555.0,,510.0,,547.0,
GY408,Biomedical Engineering,554.0,,509.0,,543.0,
GY410,Project and Construction Management,431.0,,403.0,,464.0,
GY413,Energy Systems Engineering,509.0,,502.0,,589.0,
GY414,Electrical and Electronic Engineering,433.0,,405.0,,487.0,
GY501,Medicine (five year/six year course  HPAT required,737.0,Randomly Selected,728.0,,731.0,Randomly Selected
GY502,Occupational Therapy,601.0,,555.0,,543.0,
GY503,Speech and Language Therapy,578.0,,543.0,,543.0,
GY504,Podiatric Medicine,531.0,,443.0,,463.0,
GY515,General Nursing (Galway and Portiuncula),502.0,,476.0,,466.0,
GY516,Mental Health Nursing,475.0,,440.0,,413.0,
GY517,Midwifery,520.0,,495.0,,468.0,
ID001,Accounting and Finance,,,203.0,,291.0,
ID002,Business Studies,,,294.0,,366.0,
ID003,Business Studies with Chinese,,,,,,
LC110,Art and Design (Common Entry  portfolio),794.0,Test/Portfolio,740.0,,918.0,Test/Portfolio
LC114,Fashion and Textiles for Product and Costume (port,914.0,Test/Portfolio,880.0,,988.0,Test/Portfolio
LC115,Art and Design Teacher Education (LIT and UL  port,993.0,Test/Portfolio,942.0,,,
LC220,Digital Marketing,263.0,,262.0,,288.0,
LC223,Law and Taxation,331.0,,307.0,,372.0,
LC224,Accounting and Finance,300.0,,300.0,,382.0,
LC225,Marketing and Management,298.0,,298.0,,337.0,
LC226,Enterprise and Innovation,255.0,,234.0,,298.0,
LC233,Software Development,280.0,,272.0,,371.0,
LC234,Immersive Digital Media and Spatial Computing,226.0,,225.0,,288.0,
LC236,Internet Systems Development,260.0,,262.0,,319.0,
LC239,Computer Networks and Systems Management,317.0,,307.0,,347.0,
LC241,Construction Management,326.0,,255.0,,303.0,
LC242,Property Valuation and Management,308.0,,282.0,,328.0,
LC243,Quantity Surveying,278.0,,294.0,,360.0,
LC248,Built Environment (Common Entry),300.0,,288.0,,350.0,
LC252,Civil Engineering Management,264.0,,270.0,,331.0,
LC263,Medical Technology,391.0,,294.0,,359.0,
LC265,Forensic and Pharmaceutical Sciences,498.0,,413.0,,368.0,
LC266,Drug and Medicinal Product Analysis,252.0,,262.0,,299.0,
LC275,Electrical Engineering,361.0,,298.0,,340.0,
LC288,Mechanical Engineering,378.0,,347.0,,360.0,
LC289,Precision Engineering,261.0,,291.0,,369.0,
LC292,Social Care Work,374.0,,367.0,,389.0,
LC293,Business Studies with Travel and Tourism Managemen,271.0,,307.0,,326.0,
LC294,Business Studies with Event Management,279.0,,279.0,,300.0,
LC295,Business Studies with Sports Management,262.0,,252.0,,298.0,
LC297,Community and Addiction Studies,272.0,,235.0,,269.0,
LC320,Business,381.0,,346.0,,378.0,
LC330,Business with Computing,328.0,,297.0,,326.0,
LC340,Interior Design,391.0,,350.0,,349.0,
LC362,Biotechnology and Biopharmaceutical Sciences,429.0,,413.0,,402.0,
LC371,Creative Broadcast and Film Production,325.0,,309.0,,339.0,
LC372,Music Technology and Production,377.0,,325.0,,369.0,
LC374,Renewable and Electrical Energy Engineering,337.0,,318.0,,368.0,
LC375,Industrial Automation and Robotic Systems,309.0,,317.0,,368.0,
LC376,Electronic Engineering with Computer Systems,357.0,,318.0,,346.0,
LC380,Automotive Engineering and Transport Management,298.0,,303.0,,329.0,
LC392,Business Studies in Beauty and Spa Management,328.0,,236.0,,318.0,
LC393,Early Childhood Education and Care,309.0,,236.0,,309.0,
LC401,Early Childhood Education and Care,,,297.0,,387.0,
LC402,Social Care Work,228.0,,225.0,,290.0,
LC408,Environmental Science and Climate,279.0,,279.0,,346.0,
LC411,Marketing and Management (Thurles),,,,,300.0,
LC414,Data Analytics and Cyber Security,,,236.0,,,
LC416,Business,260.0,,274.0,,,
LC418,Computing - Games Design and Development,260.0,,270.0,,318.0,
LC422,Applied Strength and Conditioning,289.0,,298.0,,333.0,
LC434,Environmental Science and Agriculture,,,297.0,,347.0,
LC502,Game Art and Design (portfolio),841.0,Test/Portfolio,852.0,,950.0,Test/Portfolio
LC517,Creative Media and Design,279.0,,234.0,,273.0,
LC518,Digital Animation Production (portfolio),807.0,Test/Portfolio,808.0,,962.0,Test/Portfolio
LC612,Social Care Work,309.0,,320.0,,338.0,
LC613,Early Childhood Education and Care,,,242.0,,388.0,
LM002,Arts,360.0,Randomly Selected,348.0,,388.0,
LM019,Social Sciences,451.0,,,,,
LM020,Law and Accounting,474.0,,465.0,,476.0,
LM026,Performing Arts (audition format TBC),329.0,Test/Portfolio,303.0,,367.0,Test/Portfolio
LM028,Criminal Justice,420.0,,418.0,,409.0,
LM029,Law Plus,530.0,,490.0,,499.0,
LM038,Psychology and Sociology,530.0,,500.0,,489.0,
LM039,Journalism and Digital Communication,432.0,,402.0,,430.0,
LM040,European Studies,409.0,,369.0,,462.0,
LM044,Applied Languages,429.0,,442.0,,473.0,
LM050,Business Studies (options),451.0,,431.0,,455.0,
LM056,International Business,555.0,Randomly Selected,528.0,,543.0,
LM058,Financial Mathematics,468.0,,403.0,,543.0,
LM063,Technology Management,410.0,,379.0,,409.0,
LM066,Environmental Science,430.0,,,,,
LM068,Food Science and Health,464.0,Randomly Selected,421.0,,430.0,
LM076,Product Design and Technology (portfolio required),401.0,Test/Portfolio,408.0,,466.0,Test/Portfolio
LM077,Aeronautical Engineering,567.0,,520.0,,531.0,
LM082,Construction Management and Engineering,446.0,Randomly Selected,398.0,,404.0,
LM089,Sport and Exercise Sciences,498.0,Randomly Selected,474.0,,466.0,
LM090,Physical Education with concurrent Teacher Educati,552.0,,532.0,,520.0,Randomly Selected
LM091,Languages with concurrent Teacher Education,506.0,,517.0,,,
LM092,Science with Teacher Ed (Biology with Physics/Chem,521.0,,507.0,,509.0,
LM093,Equine Science,367.0,,339.0,,381.0,
LM094,Materials and Architectural Technology with concur,475.0,,440.0,,433.0,
LM095,Materials and Engineering Technology with concurre,425.0,,367.0,,409.0,
LM096,Science with Teacher Ed (Physical Sciences with Ch,454.0,,405.0,,422.0,
LM097,Mathematics and Computer Science with concurrent T,465.0,,402.0,,,
LM099,Architecture,520.0,,498.0,,473.0,Test/Portfolio
LM100,Physiotherapy,613.0,Randomly Selected,589.0,,577.0,Randomly Selected
LM101,Medicine  - Graduate Entry (GAMSAT required),57.0,Randomly Selected,55.0,,57.0,Randomly Selected
LM102,Psychology,534.0,,509.0,,519.0,
LM103,Paramedic Studies (Full B/Provisional C1 Drivers L,429.0,Test/Portfolio,392.0,,403.0,Test/Portfolio
LM105,Exercise and Health Fitness Management,441.0,,,,,
LM115,Chemical and Biochemical Engineering,476.0,,454.0,,520.0,
LM116,Engineering (Biomedical/Civil/Design and Manufactu,498.0,Randomly Selected,476.0,,498.0,
LM118,Electronic and Computer Engineering,445.0,,403.0,,498.0,
LM121,Computer Science (Computer Systems/Games Dev/Cyber,402.0,,351.0,,420.0,
LM122,Creative Media and Interaction Design (Digital Des,382.0,,327.0,,430.0,
LM123,Biological and Chemical Sc. (Biosci/Envir Sci/Ind,498.0,Randomly Selected,441.0,,455.0,
LM124,Mathematics (Math Science/Maths and Physics/Econom,455.0,,437.0,,521.0,
LM125,Physics (Applied Physics or Mathematics and Physic,489.0,,404.0,,509.0,
LM150,General Nursing,498.0,Randomly Selected,475.0,,463.0,Randomly Selected
LM152,Mental Health Nursing,478.0,,419.0,,418.0,
LM154,Intellectual Disability Nursing,462.0,,420.0,,408.0,Randomly Selected
LM156,Midwifery,521.0,Randomly Selected,469.0,,444.0,
LY108,Business - Accounting,312.0,,309.0,,399.0,
LY118,Business,288.0,,290.0,,352.0,
LY128,Marketing with Online Technologies,261.0,,,,,
LY208,Law,300.0,,300.0,,359.0,
LY218,Business - with Spanish/Irish options,,,,,367.0,
LY228,Sports and Exercise - Common Entry,290.0,,300.0,,330.0,
LY408,Design - Common Entry,301.0,Test/Portfolio,320.0,,368.0,Test/Portfolio
LY508,Fire Safety Engineering,283.0,,276.0,,299.0,
LY518,Quantity Surveying,304.0,,301.0,,368.0,
LY528,Construction Management,262.0,,271.0,,291.0,
LY538,Architectural Technology,234.0,,,,,
LY608,Mechanical Engineering,300.0,,300.0,,333.0,
LY618,Electronic Engineering,321.0,,312.0,,339.0,
LY708,Applied Computing,320.0,,306.0,,348.0,
LY748,Computer Science,316.0,,317.0,,,
LY818,Science - Common Entry,302.0,,303.0,,371.0,
LY828,Agriculture - Common Entry,308.0,,307.0,,342.0,
LY908,General Nursing,429.0,Randomly Selected,400.0,,390.0,
LY918,Psychiatric Nursing,367.0,Randomly Selected,357.0,,332.0,Randomly Selected
LY928,Intellectual Disability Nursing,357.0,,326.0,,299.0,
LY968,Early Childhood Care  Health and Education,288.0,,303.0,,336.0,
LY978,Health and Social Care - Common Entry,279.0,,280.0,,299.0,
MH001,Education - Primary Teaching (Froebel),564.0,,507.0,,520.0,Randomly Selected
MH002,Education - Primary Teaching - Gaeltacht Applicant,,,,,,Randomly Selected
MH003,Early Childhood - Teaching and Learning (full-time,381.0,,,,,
MH101,Arts,338.0,,318.0,,369.0,
MH103,Music,,Test/Portfolio,,Test/Portfolio,367.0,Test/Portfolio
MH106,Psychology - 3 years,554.0,,521.0,,499.0,
MH107,Social Science,390.0,,346.0,,349.0,
MH109,Media Studies,324.0,,316.0,,377.0,
MH116,Community and Youth Work (Full-Time),,Test/Portfolio,,Test/Portfolio,271.0,Test/Portfolio
MH201,Science,401.0,,360.0,,392.0,
MH202,Biotechnology,490.0,,455.0,,446.0,
MH203,Biological and Geographical Sciences,451.0,,430.0,,,
MH204,Physics with Astrophysics,422.0,,422.0,,488.0,
MH206,Theoretical Physics and Mathematics,521.0,,510.0,,566.0,
MH207,Data Science,444.0,,445.0,,466.0,
MH208,Biological and Biomedical Sciences,543.0,,498.0,,476.0,
MH209,Psychology (through Science) - 4 years,529.0,,498.0,,485.0,
MH210,Pharmaceutical and Biomedical Chemistry,510.0,,487.0,,466.0,
MH212,Science|Maths and Computer Science|Mathematics (wi,452.0,,422.0,,476.0,
MH304,Engineering (Computer/Electronic/Communications),351.0,,333.0,,423.0,
MH305,Product Design,326.0,,357.0,,411.0,
MH306,Robotics and Intelligent Devices,362.0,,361.0,,424.0,
MH401,Finance (options),370.0,,357.0,,392.0,
MH402,Quantitative Finance,476.0,,476.0,,487.0,
MH403,Accounting and Finance,424.0,,422.0,,432.0,
MH404,Business (options),441.0,,430.0,,429.0,
MH405,Equine Business,,,357.0,,398.0,
MH407,Business and Accounting,423.0,,420.0,,420.0,
MH411,Entrepreneurship,378.0,,371.0,,388.0,
MH501,LLB Law - four year Single Major Law programme,507.0,,473.0,,476.0,
MH502,Law (options),465.0,,451.0,,442.0,
MH601,Computer Science through Arts (options),381.0,,352.0,,369.0,
MH602,Computer Science through Science (options),400.0,,351.0,,413.0,
MH603,Computational Thinking,520.0,,532.0,,543.0,
MH801,Early Childhood - Teaching and Learning (part-time,,All Qualified Applicants,327.0,,358.0,
MH802,Community and Youth Work (part-time  in service),,,,Test/Portfolio,,Test/Portfolio
MH803,Local Studies/Community Studies (part-time  evenin,,,,Test/Portfolio,,Test/Portfolio
MI001,Contemporary and Applied Theatre Studies,209.0,,375.0,,381.0,
MI002,Arts,280.0,,300.0,,378.0,
MI004,Education - Primary Teaching - International,589.0,,577.0,,,
MI005,Education - Primary Teaching,522.0,,495.0,,506.0,Randomly Selected
MI006,Education - Primary Teaching - Gaeltacht Applicant,485.0,Test/Portfolio,456.0,,473.0,Test/Portfolio
MI007,Early Childhood Care and Education,409.0,,357.0,,402.0,
MI008,Education and Psychology - Primary Teaching,590.0,,588.0,,555.0,
MI009,Education  Business Studies and Accounting,434.0,,402.0,,420.0,
MI010,Education  Business Studies and Religious Studies,370.0,,368.0,,355.0,
MI011,Education  Gaeilge and Religious Studies,407.0,,409.0,,387.0,
MI012,Education  Gaeilge and Business Studies,387.0,,401.0,,440.0,
MI013,Education  Mathematics and Gaeilge,509.0,,444.0,,465.0,
MI014,Education  Mathematics and Business Studies,476.0,,434.0,,,
MU001,Theology and Arts,294.0,,290.0,,318.0,
MU002,Theology,,,440.0,,377.0,
NC003,Computing (Degree Award options),271.0,,260.0,,316.0,
NC005,Human Resource Management,301.0,,300.0,,320.0,
NC009,Business,300.0,,300.0,,339.0,
NC010,Psychology,420.0,,400.0,,399.0,
NC020,Marketing Practice,270.0,,280.0,,307.0,
NC022,Accounting and Finance,330.0,,337.0,,376.0,
NC023,Technology Management (with specialisations),266.0,,261.0,,303.0,
NC025,Data Science,,,,,371.0,
NC030,Early Childhood Education and Care,251.0,,,,,
NM801,Montessori Education,262.0,,220.0,,,
NM802,Psychology,228.0,,,,,
PC405,Social  Political and Community Studies,263.0,,253.0,,296.0,
PC410,Arts and Humanities (fulfils Teaching Council requ,262.0,,252.0,,289.0,
PC411,English and History (fulfils Teaching Council requ,243.0,,255.0,,289.0,
RC001,Medicine - Undergraduate Entry (HPAT required),741.0,Test/Portfolio,733.0,,733.0,Test/Portfolio
RC004,Physiotherapy,589.0,Randomly Selected,566.0,,542.0,Randomly Selected
RC005,Pharmacy,613.0,Randomly Selected,579.0,,566.0,
RC101,Medicine - Graduate Entry (GAMSAT required),,,,,62.0,Test/Portfolio
SG141,Business,262.0,,261.0,,317.0,
SG142,Business in International Marketing and Languages (French),,,279.0,,388.0,
SG144,Business in International Marketing and Languages (Spanish),,,270.0,,388.0,
SG145,Business and ICT,279.0,,,,,
SG146,Accounting,304.0,,309.0,,347.0,
SG147,Sport with Business,288.0,,307.0,,316.0,
SG148,Tourism with Event Management,298.0,,269.0,,282.0,
SG149,Business in Finance and Investment,,,,,357.0,
SG150,Business in Marketing,298.0,,,,,
SG241,Performing Arts,341.0,,328.0,,348.0,
SG242,Early Childhood Care and Education,287.0,,279.0,,318.0,
SG243,Social Care Practice,309.0,,301.0,,338.0,
SG244,Fine Art,501.0,Test/Portfolio,505.0,,496.0,Test/Portfolio
SG245,Creative Design,332.0,,282.0,,338.0,
SG246,Computing,316.0,,290.0,,368.0,
SG247,English and Psychology,319.0,,309.0,,336.0,
SG248,Sociology and Politics,298.0,,281.0,,320.0,
SG249,Writing and Literature,308.0,,297.0,,338.0,
SG250,Application Design and User Experience,,,412.0,,431.0,
SG251,Computing (Smart Technologies),,,327.0,,391.0,
SG252,Software Development,310.0,,307.0,,354.0,
SG253,Computing in Computer Networks and Cyber Security,336.0,,324.0,,341.0,
SG254,Writing and Literature Online,327.0,,225.0,,,
SG255,Law and Business,291.0,,,,,
SG341,General Engineering,373.0,,,,,
SG342,Civil Engineering,418.0,,415.0,,,
SG343,Quantity Surveying,300.0,,311.0,,302.0,
SG344,Mechanical Engineering,412.0,,,,,
SG346,Construction Project Management and Applied Techno,313.0,,291.0,,351.0,
SG347,Architecture,403.0,,360.0,,357.0,
SG348,Interior Architecture and Design,359.0,,316.0,,,
SG349,Electronics and Self Driving Technologies,,,,,,
SG350,Robotics and Automation,384.0,,,,,
SG441,Environmental Science,,,,,358.0,
SG442,Occupational Safety and Health,307.0,,290.0,,330.0,
SG443,Human Nutrition,376.0,,356.0,,419.0,
SG444,Science Undenominated,358.0,,338.0,,369.0,
SG445,Pharmaceutical Science with Drug Development,357.0,,311.0,,369.0,
SG446,Applied Archaeology,,,,,290.0,
SG447,Health Science and Physical Activity,326.0,,328.0,,363.0,
SG448,Forensic Investigation and Analysis,308.0,,306.0,,348.0,
SG449,Medical Biotechnology,315.0,,341.0,,352.0,
SG450,Environmental Science with Ecology (Level 8),310.0,,300.0,,,
TA022,Creative Digital Media,,,,,318.0,
TA023,Advertising and Marketing Communications,,,,,299.0,
TA024,Early Childhood Care and Education,,,,,307.0,
TA025,Social Care Practice,,,,,297.0,
TA026,International Hospitality and Tourism Management,,,,,269.0,
TA027,Botanical Cuisine,,,,,273.0,
TA028,Digital Marketing Technologies,,,,,313.0,
TA121,Accounting and Finance,,,,,328.0,
TA122,Management,,,,,297.0,
TA123,Marketing Management,,,,,284.0,
TA125,International Business,,,,,300.0,
TA221,Electronic Engineering,,,,,321.0,
TA222,Mechanical Engineering,,,,,302.0,
TA223,Sustainable Energy Engineering,,,,,305.0,
TA224,Biomedical Design,,,,,324.0,
TA225,Automation Engineering,,,,,288.0,
TA226,Engineering Software,,,,,304.0,
TA321,Pharmaceutical Science,,,,,298.0,
TA322,Computing,,,,,294.0,
TA323,Computing with IT Management,,,,,309.0,
TA326,DNA and Forensic Analysis,,,,,362.0,
TA327,Sports Science and Health,,,,,381.0,
TA328,Computing with Language (French/German/Spanish),,,,,317.0,
TA329,Computing with Data Analytics,,,,,296.0,
TL801,Animation  Visual Effects and Motion Design (Level,718.0,Test/Portfolio,281.0,,341.0,
TL802,TV  Radio and New Media (Level 8),322.0,,325.0,,356.0,
TL803,Music Technology,,,,,288.0,
TL810,Computing with Software Development,308.0,,310.0,,341.0,
TL811,Computing with Games Development,322.0,,358.0,,334.0,
TL812,Computing with Digital Media,,,,,369.0,
TL815,Computing (Degree Award options),307.0,,308.0,,378.0,
TL823,Event Management (3 year programme),293.0,,299.0,,346.0,
TL831,Business Studies (Major Specialism in: Acctng or M,306.0,,306.0,,372.0,
TL842,Construction Management,,,,,,
TL844,Agricultural Engineering,301.0,,300.0,,368.0,
TL845,Civil Engineering,361.0,,325.0,,364.0,
TL847,Manufacturing Engineering,305.0,,302.0,,,
TL848,Agricultural Science,307.0,,308.0,,362.0,
TL851,Wildlife Biology (Degree Award options),309.0,,309.0,,362.0,
TL855,Pharmaceutical Science (Degree Award options),316.0,,317.0,,386.0,
TL858,Veterinary Bioscience,317.0,,308.0,,369.0,
TL871,Health and Leisure (Degree Award options),303.0,,300.0,,346.0,
TL872,Health and Leisure with Massage,314.0,,309.0,,357.0,
TL873,Coaching and Sports Performance,308.0,,289.0,,336.0,
TL874,Inclusive Sport and Physical Activity,341.0,,,,,
TL880,Early Childhood Care and Education,309.0,,307.0,,347.0,
TL881,Social Care,301.0,,308.0,,356.0,
TL889,Counselling with Addiction - Mature applicants onl,,,,,,Test/Portfolio
TL890,General Nursing and Mature Applicants,463.0,,440.0,,431.0,
TL891,Mental Health Nursing and Mature Applicants,440.0,,389.0,,379.0,Randomly Selected
TR002,Music,508.0,,435.0,,473.0,Test/Portfolio
TR003,History,552.0,,497.0,,518.0,
TR004,Law,590.0,Randomly Selected,566.0,,552.0,
TR005,Philosophy,510.0,,442.0,,446.0,
TR006,Psychology,601.0,Randomly Selected,567.0,,577.0,Randomly Selected
TR007,Clinical Speech and Language Studies,564.0,Randomly Selected,529.0,,529.0,
TR009,Music Education,496.0,Test/Portfolio,420.0,,465.0,Test/Portfolio
TR012,History and Political Science,,,555.0,,557.0,Randomly Selected
TR015,Philosophy  Political Science  Economics and Socio,613.0,Randomly Selected,589.0,,577.0,
TR016,Deaf Studies,389.0,,340.0,,372.0,
TR017,Law and Business,,,602.0,,589.0,
TR018,Law and French,602.0,Randomly Selected,565.0,,554.0,Randomly Selected
TR019,Law and German,577.0,,543.0,,555.0,
TR020,Law and Political Science,,,602.0,,600.0,
TR021,Classics  Ancient History and Archaeology,467.0,,370.0,,495.0,
TR022,Early and Modern Irish,377.0,,398.0,,407.0,
TR023,English Studies,546.0,,487.0,,511.0,
TR024,European Studies,566.0,,544.0,,544.0,
TR025,Drama and Theatre Studies,543.0,Test/Portfolio,564.0,,531.0,Test/Portfolio
TR028,Ancient and Medieval History and Culture,498.0,,342.0,,451.0,
TR029,Political Science and Geography,,,526.0,,500.0,
TR031,Mathematics,579.0,,531.0,,589.0,
TR032,Engineering,556.0,,510.0,,520.0,Randomly Selected
TR033,Computer Science,566.0,Randomly Selected,509.0,,488.0,Randomly Selected
TR034,Management Science and Information Systems Studies,625.0,Randomly Selected,613.0,,602.0,Randomly Selected
TR035,Theoretical Physics,590.0,,543.0,,601.0,
TR038,Engineering with Management,589.0,Randomly Selected,532.0,,543.0,
TR039,Computer Science  Linguistics and a Language,443.0,,454.0,,498.0,
TR040,Middle Eastern and European Languages and Cultures,520.0,,466.0,,518.0,
TR041,Religion,417.0,,368.0,,393.0,
TR042,Film,531.0,,489.0,,,
TR043,History of Art and Architecture,498.0,,393.0,,,
TR051,Medicine (HPAT required),743.0,Randomly Selected,735.0,,739.0,Test/Portfolio
TR052,Dental Science,625.0,Randomly Selected,613.0,,602.0,Randomly Selected
TR053,Physiotherapy,590.0,Randomly Selected,566.0,,544.0,Randomly Selected
TR054,Occupational Therapy,578.0,Randomly Selected,533.0,,520.0,
TR055,Radiation Therapy,577.0,,543.0,,521.0,
TR056,Human Health and Disease,601.0,Randomly Selected,565.0,,565.0,
TR060,Biological and Biomedical Sciences,578.0,Randomly Selected,543.0,,542.0,Randomly Selected
TR061,Chemical Sciences,558.0,,517.0,,520.0,Randomly Selected
TR062,Geography and Geoscience,495.0,,473.0,,485.0,
TR063,Physical Sciences,554.0,,498.0,,543.0,Randomly Selected
TR064,Environmental Science and Engineering,555.0,,,,,
TR072,Pharmacy,613.0,Randomly Selected,590.0,,577.0,Randomly Selected
TR080,Global Business,613.0,Randomly Selected,589.0,,577.0,
TR081,Business  Economic and Social Studies (BESS),577.0,,543.0,,542.0,Randomly Selected
TR082,Computer Science and Business,,,555.0,,542.0,
TR083,Sociology and Social Policy,,,498.0,,474.0,
TR084,Social Studies (Social Work),497.0,,462.0,,462.0,Randomly Selected
TR085,Business Studies and French,564.0,,540.0,,553.0,
TR086,Business Studies and German,530.0,,509.0,,495.0,
TR087,Business Studies and Russian,487.0,,474.0,,487.0,
TR089,Business Studies and Polish,391.0,,444.0,,434.0,
TR090,Business Studies and Spanish,566.0,,531.0,,543.0,
TR091,General Nursing (Meath and St James`s),462.0,,429.0,,420.0,Randomly Selected
TR093,General Nursing (Adelaide School of Nursing),473.0,Test/Portfolio,430.0,,409.0,Randomly Selected
TR095,Mental Health Nursing,442.0,,408.0,,377.0,
TR097,Intellectual Disability Nursing,412.0,,396.0,,350.0,
TR111,Ancient History and Archaeology/Geography,,,352.0,,,
TR112,Ancient History and Archaeology/History,,,529.0,,,
TR113,Ancient History and Archaeology/History of Art and Architecture,,,337.0,,,
TR114,Ancient History and Archaeology/Modern Language,,,337.0,,,
TR117,Ancient History and Archaeology/Religion,,,342.0,,,
TR166,Classical Civilisation/English Literature,,,498.0,,,
TR173,Classical Civilisation/History of Art and Architecture,,,335.0,,,
TR177,Classical Civilisation/Modern Language,,,335.0,,,
TR179,Classical Civilisation/Philosophy,,,499.0,,,
TR198,Economics/Geography,,,534.0,,,
TR202,Economics/History,,,534.0,,,
TR207,Economics/Mathematics,,,566.0,,,
TR208,Economics/Modern Language,,,534.0,,,
TR209,Economics/Philosophy,,,534.0,,,
TR212,Economics/Sociology,,,534.0,,,
TR228,Classical Languages/English Literature,,,498.0,,,
TR231,Classical Languages/History of Art and Architecture,,,349.0,,,
TR233,"Classical Languages/Middle Eastern,Jewish and Islamic Civilisations",,,349.0,,,
TR239,Classical Languages/Modern Language,,,349.0,,,
TR262,English Literature/History,,,529.0,,,
TR263,English Literature/History of Art and Architecture,,,498.0,,,
TR269,English Literature/Philosophy,,,499.0,,,
TR272,English Literature/Sociology,,,498.0,,,
TR276,English Literature/Drama Studies,,,498.0,Test/Portfolio,,
TR277,English Literature/Modern Language,,,498.0,,,
TR311,Film/Drama Studies,,,521.0,Test/Portfolio,,
TR312,Film/English Literature,,,521.0,,,
TR320,Film/Music,,,521.0,,,
TR322,Geography/History,,,529.0,,,
TR323,Drama Studies/Modern Language,,,473.0,Test/Portfolio,,
TR324,Film/Modern Language,,,521.0,,,
TR325,Film/History,,,529.0,,,
TR326,Geography/Modern Language,,,352.0,,,
TR332,Geography/Sociology,,,498.0,,,
TR443,History/History of Art and Architecture,,,529.0,,,
TR447,History/Modern Language,,,529.0,,,
TR449,History/Philosophy,,,529.0,,,
TR452,History/Sociology,,,529.0,,,
TR454,History/Religion,,,529.0,,,
TR455,History of Art and Architecture/Modern Language,,,334.0,,,
TR479,History of Art and Architecture/Philosophy,,,499.0,,,
TR547,"Middle Eastern,Jewish and Islamic Civ./Ancient History and Archaeology",,,337.0,,,
TR548,"Middle Eastern,Jewish and Islamic Civilisations/Classical Civilisation",,,335.0,,,
TR554,"Middle Eastern,Jewish and Islamic Civilisations/History",,,529.0,,,
TR563,"Middle Eastern,Jewish and Islamic Civilisations/Modern Language",,,335.0,,,
TR564,"Middle Eastern,Jewish and Islamic Civilisations/Music",,,,,,
TR565,"Middle Eastern,Jewish and Islamic Civilisations/Religion",,,342.0,,,
TR597,Mathematics/Modern Language,,,566.0,,,
TR598,Mathematics/Music,,,566.0,,,
TR599,Mathematics/Philosophy,,,566.0,,,
TR629,Music/Philosophy,,,499.0,,,
TR635,Music/Drama Studies,,,473.0,Test/Portfolio,,
TR636,Music/Modern Language,,,388.0,,,
TR638,Music/Religion,,,388.0,,,
TR639,Philosophy/Modern Language,,,499.0,,,
TR662,Philosophy/Sociology,,,499.0,,,
TR663,Religion/Classical Civilisation,,,342.0,,,
TR664,Religion/English Literature,,,498.0,,,
TR665,Religion/History of Art and Architecture,,,342.0,,,
TR666,Religion/Modern Language,,,,,,
TR667,French/Modern Language,,,403.0,,,
TR668,German/Modern Language,,,389.0,,,
TR669,Irish/Modern Language,,,368.0,,,
TR670,Italian/Modern Language,,,381.0,,,
TR671,Russian/Modern Language,,,332.0,,,
TR672,Spanish/Modern Language,,,336.0,,,
TR755,Sociology/Drama Studies,,,498.0,Test/Portfolio,,
TR756,Sociology/Modern Language,,,498.0,,,
TR911,Children`s and General Nursing (Integrated),531.0,Randomly Selected,511.0,,487.0,Randomly Selected
TR913,Midwifery,521.0,,478.0,,462.0,
TU801,Sustainable Energy Engineering,235.0,,235.0,,,
TU802,Electrical Services and Energy Management,309.0,,317.0,,,
TU803,Electronic Engineering,,,243.0,,,
TU804,Engineering (Common Entry with Award options),270.0,,271.0,,,
TU805,Engineering (General Entry),466.0,,402.0,,,
TU806,Sustainable Energy Engineering,,,262.0,,,
TU807,Computer Engineering in Mobile Systems,274.0,,276.0,,,
TU808,Engineering Software,,,260.0,,,
TU809,Mechanical Engineering,,,235.0,,,
TU810,Mechatronic Engineering,271.0,,270.0,,,
TU811,Product Design,440.0,,411.0,,,
TU812,Design Technology and Innovation,278.0,,270.0,,,
TU813,Automation Engineering,,,218.0,,,
TU814,Sustainable Transport Management,253.0,,285.0,,,
TU828,Mechanical Engineering (General Entry),300.0,,,,,
TU829,Electronic Engineering (General Entry),248.0,,,,,
TU831,Architectural Technology,423.0,,410.0,,,
TU832,Architecture (Suitability Test and Interview),644.0,Test/Portfolio,622.0,,,
TU833,Construction Management,396.0,,367.0,,,
TU834,Geographic Science,315.0,,288.0,,,
TU835,Planning and Environmental Management,330.0,,313.0,,,
TU836,Property Economics (Valuation Surveying),411.0,,401.0,,,
TU837,Quantity Surveying and Construction Economics,413.0,,385.0,,,
TU838,Sustainable Timber Technology,307.0,,,,,
TU851,Analytical Chemistry (Environmental  Forensic and,400.0,,349.0,,,
TU852,Chemical Sciences with Medicinal Chemistry,477.0,,476.0,,,
TU854,Science (General Entry),510.0,,476.0,,,
TU855,Science with Nanotechnology,322.0,,331.0,,,
TU856,Computer Science,499.0,,476.0,,,
TU857,Computer Science (Infrastructure),403.0,,391.0,,,
TU858,Computer Science (International),395.0,,377.0,,,
TU859,Computing,251.0,,217.0,,,
TU860,Computing (Information Technology),270.0,,260.0,,,
TU861,Computing with Language (French/German/Spanish),235.0,,308.0,,,
TU862,Computing with Artificial Intelligence Machine Lea,262.0,,226.0,,,
TU863,Digital Forensics and Cyber Security,282.0,,280.0,,,
TU864,DNA and Forensic Analysis,500.0,,400.0,,,
TU865,Cloud Computing,235.0,,226.0,,,
TU866,Biomedical and Molecular Diagnostics,522.0,,487.0,,,
TU867,Biomedical Science,576.0,,524.0,,,
TU868,Clinical Measurement Science,542.0,,510.0,,,
TU869,Environmental Health,387.0,,336.0,,,
TU870,Human Nutrition and Dietetics,601.0,Randomly Selected,578.0,,,
TU871,Optometry,532.0,,509.0,,,
TU872,Public Health Nutrition,487.0,,491.0,,,
TU873,Industrial Mathematics,,,250.0,,,
TU874,Mathematical Sciences,294.0,,341.0,,,
TU875,Pharmaceutical Healthcare,451.0,,400.0,,,
TU876,Pharmaceutical Science,445.0,,377.0,,,
TU877,Physics Technology,314.0,,308.0,,,
TU878,Physics with Energy and Environment,339.0,,337.0,,,
TU879,Physics with Medical Physics and Bioengineering,346.0,,351.0,,,
TU880,Physics with Data Science,412.0,,578.0,,,
TU881,Food Innovation,309.0,,318.0,,,
TU882,Nutraceuticals in Health and Nutrition,380.0,,397.0,,,
TU901,Business,,,270.0,,,
TU902,Business (options),270.0,,271.0,,,
TU903,Business and Management,477.0,,463.0,,,
TU904,Business and Law,462.0,,462.0,,,
TU905,Economics and Finance,460.0,,465.0,,,
TU906,Human Resource Management,386.0,,395.0,,,
TU907,Logistics and Supply Chain Management,300.0,,300.0,,,
TU908,Management,,,262.0,,,
TU909,Accounting and Finance,,,285.0,,,
TU910,Accounting,420.0,,444.0,,,
TU911,Accounting and Finance,,,209.0,,,
TU912,Business Analytics,331.0,,330.0,,,
TU913,Business and Information Technology,,,252.0,,,
TU914,Business Computing,322.0,,324.0,,,
TU915,International Business,,,252.0,,,
TU916,International Business,,,235.0,,,
TU917,Law (LLB ) with a Language,356.0,,342.0,,,
TU918,Law (LLB),463.0,,451.0,,,
TU919,Advertising and Marketing Communications,219.0,,228.0,,,
TU920,Digital Marketing,270.0,,270.0,,,
TU921,Digital Marketing Technologies,230.0,,212.0,,,
TU922,Marketing,412.0,,418.0,,,
TU923,Marketing Management,,,228.0,,,
TU924,E-Commerce in Retailing,307.0,,307.0,,,
TU925,Retail and Services Management,307.0,,301.0,,,
TU932,Business (options),211.0,,,,,
TU933,Accounting and Finance (campus options),251.0,,,,,
TU935,Sports Management and Coaching,300.0,,300.0,,,
TU936,Sports Science and Health,484.0,,410.0,,,
TU941,Botanical Cuisine,311.0,,249.0,,,
TU942,Culinary Arts,252.0,,212.0,,,
TU943,Culinary Entrepreneurship,261.0,,278.0,,,
TU944,Culinary Science,336.0,,316.0,,,
TU951,International Hospitality and Tourism Management,244.0,,184.0,,,
TU952,International Hospitality Management,309.0,,300.0,,,
TU953,Tourism and Digital Marketing,308.0,,290.0,,,
TU954,Event Management,326.0,,356.0,,,
TU955,Sports and Leisure Management,275.0,,217.0,,,
TU961,Commercial Modern Music (BIMM - assessment/auditio,536.0,Test/Portfolio,608.0,,,
TU962,Drama (Performance  audition),448.0,Test/Portfolio,379.0,,,
TU963,Music (audition),364.0,Test/Portfolio,416.0,,,
TU965,International Business and Languages,357.0,,356.0,,,
TU966,Languages and English Studies,,,366.0,,,
TU967,Languages and International Tourism,298.0,,308.0,,,
TU971,Contemporary Visual Culture,,,290.0,,,
TU972,Creative and Cultural Industries,,,281.0,,,
TU973,Design - Visual Communication (portfolio),700.0,Test/Portfolio,717.0,,,
TU974,Fine Art (portfolio),549.0,Test/Portfolio,709.0,,,
TU975,Interior Design (portfolio),544.0,Test/Portfolio,632.0,,,
TU976,Photography (portfolio),700.0,Test/Portfolio,695.0,,,
TU978,Creative Industries and Visual Culture,299.0,,,,,
TU981,Creative Digital Media,280.0,,280.0,,,
TU982,Media Production and Digital Arts,369.0,,320.0,,,
TU983,Film and Broadcasting,462.0,,456.0,,,
TU984,Game Design,414.0,,381.0,,,
TU985,Journalism,367.0,,322.0,,,
TU986,Print Media Technology and Management,,,289.0,,,
TU989,Early Childhood Care and Education (campus options,270.0,,,,,
TU991,Applied Social Studies in Social Care,326.0,,325.0,,,
TU992,Community Development and Youth Work,251.0,,251.0,,,
TU993,Early Childhood Care and Education,,,270.0,,,
TU994,Early Childhood Care and Education,,,321.0,,,
TU995,Early Childhood Education,378.0,,367.0,,,
TU996,Social Care,407.0,,400.0,,,
TU997,Applied Social Care,320.0,,310.0,,,
WD001,Applied Computing (options),270.0,,260.0,,358.0,
WD002,Science (options),279.0,,308.0,,377.0,
WD005,Health Sciences (options),271.0,,280.0,,347.0,
WD006,Exercise Sciences (options),270.0,,280.0,,337.0,
WD007,Engineering (options),270.0,,288.0,,382.0,
WD025,Construction Management and Engineering,262.0,,269.0,,327.0,
WD027,Music,321.0,Test/Portfolio,262.0,,317.0,Test/Portfolio
WD048,Business (options),279.0,,271.0,,357.0,
WD084,Accounting,308.0,,308.0,,403.0,
WD091,Hospitality Management,225.0,,228.0,,281.0,
WD116,General Nursing,446.0,,422.0,,430.0,
WD117,Psychiatric Nursing,415.0,,366.0,,382.0,
WD120,Intellectual Disability Nursing,390.0,,377.0,,359.0,
WD134,International Business,267.0,,290.0,,350.0,
WD137,Design (Visual Communications),252.0,,271.0,,373.0,
WD140,Laws,280.0,,280.0,,352.0,
WD144,Architecture,309.0,,284.0,,385.0,
WD147,Pharmaceutical Science,288.0,,293.0,,363.0,
WD148,Tourism Marketing,,,,,338.0,
WD149,Early Childhood Studies,,,271.0,,336.0,
WD150,Criminal Justice Studies,280.0,,270.0,,311.0,
WD152,Visual Art,243.0,,,All Qualified Applicants,323.0,
WD161,Computer Forensics and Security,270.0,,255.0,,401.0,
WD162,Quantity Surveying,226.0,,216.0,,320.0,
WD163,Psychology,456.0,,434.0,,429.0,
WD186,Sports Coaching and Performance,261.0,,270.0,,327.0,
WD187,Social Science,276.0,,272.0,,321.0,
WD191,Agricultural Science,377.0,,377.0,,421.0,
WD192,Social Care Practice,271.0,,270.0,,323.0,
WD193,Marketing and Digital Media,279.0,,271.0,,358.0,
WD194,Culinary Arts,237.0,,217.0,,331.0,
WD195,Architectural and Building Information Modelling T,279.0,,279.0,,305.0,
WD200,Arts (options),201.0,,,All Qualified Applicants,296.0,
WD210,Software Systems Development,260.0,,279.0,,329.0,
WD211,Creative Computing,270.0,,271.0,,322.0,
WD212,Recreation and Sport Management,262.0,,270.0,,311.0,
WD230,Mechanical and Manufacturing Engineering,230.0,,253.0,,348.0,
WD231,Early Childhood Care and Education,266.0,,,,,
WD232,Business Information Systems,261.0,,,,,
